-- =============================================
-- Z2 DATA EXPORT - 2026-03-22
-- Importar con: psql -U <user> -d <db> -f export_2026-03-22.sql
-- =============================================

-- Eliminar datos existentes
TRUNCATE TABLE taxes, expenses, project_hours, project_owners, projects, client_referentes, collaborators, clients RESTART IDENTITY CASCADE;

-- clients (2 registros)
INSERT INTO clients (id, name, rut, description, created_at, updated_at) VALUES (2, 'Blanvira S.A.', '218110190012', 'UPM Paso de los toros', '2026-03-21T23:17:18.343Z', '2026-03-21T23:17:18.343Z');
INSERT INTO clients (id, name, rut, description, created_at, updated_at) VALUES (3, 'Celulosa y Energia Punta Pereira S.A.', NULL, NULL, '2026-03-21T23:51:25.186Z', '2026-03-21T23:51:25.186Z');

-- client_referentes (1 registros)
INSERT INTO client_referentes (id, client_id, name, email, phone) VALUES (2, 2, 'Rober Perez', 'robert.perez@upm.com', '099273172');

-- collaborators (5 registros)
INSERT INTO collaborators (id, name, start_date, email, condition, active, created_at, updated_at) VALUES (1, 'Pablo Iademarco', '2023-01-15T03:00:00.000Z', 'pablo.iademarco@zoonoticuy.com', 'Socio', TRUE, '2026-03-20T18:39:21.288Z', '2026-03-20T18:39:21.288Z');
INSERT INTO collaborators (id, name, start_date, email, condition, active, created_at, updated_at) VALUES (2, 'Diego Ricca', '2023-01-15T03:00:00.000Z', 'diego.ricca@ingeuy.com', 'Socio', TRUE, '2026-03-20T18:39:43.469Z', '2026-03-20T18:39:43.469Z');
INSERT INTO collaborators (id, name, start_date, email, condition, active, created_at, updated_at) VALUES (3, 'Leandro Boschi', '2023-01-15T03:00:00.000Z', 'leandro.boschi@zoonoticuy.com', 'Contratado por horas', TRUE, '2026-03-20T18:40:12.922Z', '2026-03-20T18:40:12.922Z');
INSERT INTO collaborators (id, name, start_date, email, condition, active, created_at, updated_at) VALUES (4, 'Carlos Bree', '2023-01-15T03:00:00.000Z', 'carlos.bree@zoonoticuy.com', 'Contratado por horas', TRUE, '2026-03-20T18:40:35.027Z', '2026-03-20T18:40:35.027Z');
INSERT INTO collaborators (id, name, start_date, email, condition, active, created_at, updated_at) VALUES (5, 'GR', '2023-01-15T03:00:00.000Z', 'grweb@gmail.com', 'Coparticipante', TRUE, '2026-03-20T18:41:02.898Z', '2026-03-20T18:41:02.898Z');

-- projects (28 registros)
INSERT INTO projects (id, name, status, client_id, requestor, po, quote_file, type, hours_estimated, iva_rate, billing_date, razon_social, invoice_number, currency, subtotal_usd, iva_usd, total_usd, subtotal_uyu, iva_uyu, total_uyu, possible_payment_date, actual_payment_date, created_at, updated_at) VALUES (1, '86- Precipitadores - PGP', 'Cobrado', 3, 'Andres Suttner', '6900001289', '20251205 - Precipitadores PGP - A110.pdf', 'Proyecto cerrado', NULL, '0.2200', '2025-12-05T03:00:00.000Z', 'Zoonotic', '110', 'UYU', '0.00', '0.00', '0.00', '880500.00', '193710.00', '1074210.00', '2026-01-05T03:00:00.000Z', '2026-01-14T03:00:00.000Z', '2026-03-22T00:07:32.411Z', '2026-03-22T00:07:32.411Z');
INSERT INTO projects (id, name, status, client_id, requestor, po, quote_file, type, hours_estimated, iva_rate, billing_date, razon_social, invoice_number, currency, subtotal_usd, iva_usd, total_usd, subtotal_uyu, iva_uyu, total_uyu, possible_payment_date, actual_payment_date, created_at, updated_at) VALUES (2, '108- K3000 PLC B&R', 'Cobrado', 3, 'Federico Ferreira', '4000037014', '20251215 - K3000 PLC B&R - A111.pdf', 'Proyecto cerrado', NULL, '0.2200', '2025-12-15T03:00:00.000Z', 'Zoonotic', '111', 'UYU', '0.00', '0.00', '0.00', '422000.00', '92840.00', '514840.00', '2026-01-15T03:00:00.000Z', '2026-01-21T03:00:00.000Z', '2026-03-22T00:07:32.638Z', '2026-03-22T00:07:32.638Z');
INSERT INTO projects (id, name, status, client_id, requestor, po, quote_file, type, hours_estimated, iva_rate, billing_date, razon_social, invoice_number, currency, subtotal_usd, iva_usd, total_usd, subtotal_uyu, iva_uyu, total_uyu, possible_payment_date, actual_payment_date, created_at, updated_at) VALUES (3, '111- Servicios MDP-013', 'Cobrado', 3, 'Federico Ferreira', '4000036956', '20251202 - ServiciosMDP-013 - A106.pdf', 'Proyecto cerrado', NULL, '0.2200', '2025-12-02T03:00:00.000Z', 'Zoonotic', '106', 'UYU', '0.00', '0.00', '0.00', '323630.00', '71198.60', '394828.60', '2026-01-02T03:00:00.000Z', '2026-01-14T03:00:00.000Z', '2026-03-22T00:07:32.686Z', '2026-03-22T00:07:32.686Z');
INSERT INTO projects (id, name, status, client_id, requestor, po, quote_file, type, hours_estimated, iva_rate, billing_date, razon_social, invoice_number, currency, subtotal_usd, iva_usd, total_usd, subtotal_uyu, iva_uyu, total_uyu, possible_payment_date, actual_payment_date, created_at, updated_at) VALUES (4, '122- Actualizacion ACE C300 IO', 'Cobrado', 3, 'Andres Suttner', '6900001205', '20251202 - Actualizacion ACE C300 IO - A107.pdf', 'Proyecto cerrado', NULL, '0.2200', '2025-12-02T03:00:00.000Z', 'Zoonotic', '107', 'UYU', '0.00', '0.00', '0.00', '305760.00', '67267.20', '373027.20', '2026-01-02T03:00:00.000Z', '2026-01-14T03:00:00.000Z', '2026-03-22T00:07:32.688Z', '2026-03-22T00:07:32.688Z');
INSERT INTO projects (id, name, status, client_id, requestor, po, quote_file, type, hours_estimated, iva_rate, billing_date, razon_social, invoice_number, currency, subtotal_usd, iva_usd, total_usd, subtotal_uyu, iva_uyu, total_uyu, possible_payment_date, actual_payment_date, created_at, updated_at) VALUES (5, '127- PGP Varios', 'Cobrado', 3, 'Federico Ferreira', '4000037013', '20251202 - PGP Varios - A109.pdf', 'Proyecto cerrado', NULL, '0.2200', '2025-12-02T03:00:00.000Z', 'Zoonotic', '109', 'UYU', '0.00', '0.00', '0.00', '323630.00', '71198.60', '394828.60', '2026-01-02T03:00:00.000Z', '2026-01-14T03:00:00.000Z', '2026-03-22T00:07:32.689Z', '2026-03-22T00:07:32.689Z');
INSERT INTO projects (id, name, status, client_id, requestor, po, quote_file, type, hours_estimated, iva_rate, billing_date, razon_social, invoice_number, currency, subtotal_usd, iva_usd, total_usd, subtotal_uyu, iva_uyu, total_uyu, possible_payment_date, actual_payment_date, created_at, updated_at) VALUES (6, '124- Servicios de ingeniería 14', 'Cobrado', 3, 'Federico Ferreira', '4000037210', '20251202 - ServiciosMDP-014 - A108.pdf', 'Proyecto cerrado', NULL, '0.2200', '2025-12-02T03:00:00.000Z', 'Zoonotic', '108', 'UYU', '0.00', '0.00', '0.00', '327600.00', '72072.00', '399672.00', '2026-01-02T03:00:00.000Z', '2026-01-14T03:00:00.000Z', '2026-03-22T00:07:32.690Z', '2026-03-22T00:07:32.690Z');
INSERT INTO projects (id, name, status, client_id, requestor, po, quote_file, type, hours_estimated, iva_rate, billing_date, razon_social, invoice_number, currency, subtotal_usd, iva_usd, total_usd, subtotal_uyu, iva_uyu, total_uyu, possible_payment_date, actual_payment_date, created_at, updated_at) VALUES (7, 'HVAC', 'Cobrado', 2, 'Robert Perez', 'Sin SES', '20251216 - PO#4150010073 - A112.pdf', 'Tiempo y materiales', '124.00', '0.2200', '2025-12-16T03:00:00.000Z', 'Zoonotic', '112', 'USD', '6200.00', '1364.00', '7564.00', '241477.60', '53125.07', '294602.67', '2026-01-16T03:00:00.000Z', '2026-01-15T03:00:00.000Z', '2026-03-22T00:07:32.700Z', '2026-03-22T00:07:32.700Z');
INSERT INTO projects (id, name, status, client_id, requestor, po, quote_file, type, hours_estimated, iva_rate, billing_date, razon_social, invoice_number, currency, subtotal_usd, iva_usd, total_usd, subtotal_uyu, iva_uyu, total_uyu, possible_payment_date, actual_payment_date, created_at, updated_at) VALUES (8, 'Arquitectura FTE', 'Falta Cotizar', 3, 'Federico Ferreira', NULL, NULL, 'Proyecto cerrado', NULL, '0.2200', NULL, NULL, NULL, 'UYU', '0.00', '0.00', '0.00', '0.00', '0.00', '0.00', NULL, NULL, '2026-03-22T00:07:32.703Z', '2026-03-22T00:07:32.703Z');
INSERT INTO projects (id, name, status, client_id, requestor, po, quote_file, type, hours_estimated, iva_rate, billing_date, razon_social, invoice_number, currency, subtotal_usd, iva_usd, total_usd, subtotal_uyu, iva_uyu, total_uyu, possible_payment_date, actual_payment_date, created_at, updated_at) VALUES (9, '119- SRS DCS Doc', 'Falta Cotizar', 3, NULL, NULL, 'VERIFICAR PLANTEO GUSTAVO', 'Proyecto cerrado', NULL, '0.2200', NULL, NULL, NULL, 'UYU', '0.00', '0.00', '0.00', '0.00', '0.00', '0.00', NULL, NULL, '2026-03-22T00:07:32.705Z', '2026-03-22T00:07:32.705Z');
INSERT INTO projects (id, name, status, client_id, requestor, po, quote_file, type, hours_estimated, iva_rate, billing_date, razon_social, invoice_number, currency, subtotal_usd, iva_usd, total_usd, subtotal_uyu, iva_uyu, total_uyu, possible_payment_date, actual_payment_date, created_at, updated_at) VALUES (10, '126- Thinclients y FW', 'Cobrado', 3, 'Andres Suttner', '4000037882', '20260119 - Thinclients y FW - I207.pdf', 'Proyecto cerrado', NULL, '0.2200', '2026-01-19T03:00:00.000Z', 'Ingeuy', '207', 'UYU', '0.00', '0.00', '0.00', '146400.00', '32208.00', '178608.00', '2026-02-19T03:00:00.000Z', '2026-02-26T03:00:00.000Z', '2026-03-22T00:07:32.706Z', '2026-03-22T00:07:32.706Z');
INSERT INTO projects (id, name, status, client_id, requestor, po, quote_file, type, hours_estimated, iva_rate, billing_date, razon_social, invoice_number, currency, subtotal_usd, iva_usd, total_usd, subtotal_uyu, iva_uyu, total_uyu, possible_payment_date, actual_payment_date, created_at, updated_at) VALUES (11, '117- Rele Seguridad Patio - Astillado L1', 'En Ejecución', 3, 'Federico Ferreira', '4000038360', 'Envió Pablo 12/12 - Reenviado 27/2', 'Proyecto cerrado', NULL, '0.2200', NULL, 'Zoonotic', NULL, 'UYU', '0.00', '0.00', '0.00', '258000.00', '0.00', '258000.00', NULL, NULL, '2026-03-22T00:07:32.707Z', '2026-03-22T00:07:32.707Z');
INSERT INTO projects (id, name, status, client_id, requestor, po, quote_file, type, hours_estimated, iva_rate, billing_date, razon_social, invoice_number, currency, subtotal_usd, iva_usd, total_usd, subtotal_uyu, iva_uyu, total_uyu, possible_payment_date, actual_payment_date, created_at, updated_at) VALUES (12, '135- Servicios MDP-016', 'Facturado', 3, 'Federico Ferreira', '4000037837', '20260309 -Servicios MDP-016 - A116.pdf', 'Proyecto cerrado', NULL, '0.2200', '2026-03-09T03:00:00.000Z', 'Zoonotic', '116', 'UYU', '0.00', '0.00', '0.00', '225500.00', '49610.00', '275110.00', '2026-04-09T03:00:00.000Z', NULL, '2026-03-22T00:07:32.708Z', '2026-03-22T00:07:32.708Z');
INSERT INTO projects (id, name, status, client_id, requestor, po, quote_file, type, hours_estimated, iva_rate, billing_date, razon_social, invoice_number, currency, subtotal_usd, iva_usd, total_usd, subtotal_uyu, iva_uyu, total_uyu, possible_payment_date, actual_payment_date, created_at, updated_at) VALUES (13, '136- Servicios MDP-017', 'Facturado', 3, 'Federico Ferreira', '4000037836', '20260309 -Servicios MDP-017 - A117.pdf', 'Proyecto cerrado', NULL, '0.2200', '2026-03-09T03:00:00.000Z', 'Zoonotic', '117', 'UYU', '0.00', '0.00', '0.00', '202500.00', '44550.00', '247050.00', '2026-04-09T03:00:00.000Z', NULL, '2026-03-22T00:07:32.709Z', '2026-03-22T00:07:32.709Z');
INSERT INTO projects (id, name, status, client_id, requestor, po, quote_file, type, hours_estimated, iva_rate, billing_date, razon_social, invoice_number, currency, subtotal_usd, iva_usd, total_usd, subtotal_uyu, iva_uyu, total_uyu, possible_payment_date, actual_payment_date, created_at, updated_at) VALUES (14, '133- Skid Antipitch SEV-12595', 'Cobrado', 3, 'Federico Ferreira', '4000037890', '20260123 - Antipitch -  PHD ABB OPC UA - A113.pdf', 'Proyecto cerrado', NULL, '0.2200', '2026-01-23T03:00:00.000Z', 'Zoonotic', '113', 'UYU', '0.00', '0.00', '0.00', '409000.00', '89980.00', '498980.00', '2026-02-23T03:00:00.000Z', '2026-02-26T03:00:00.000Z', '2026-03-22T00:07:32.709Z', '2026-03-22T00:07:32.709Z');
INSERT INTO projects (id, name, status, client_id, requestor, po, quote_file, type, hours_estimated, iva_rate, billing_date, razon_social, invoice_number, currency, subtotal_usd, iva_usd, total_usd, subtotal_uyu, iva_uyu, total_uyu, possible_payment_date, actual_payment_date, created_at, updated_at) VALUES (15, '134- PHD ABB OPC UA', 'Cobrado', 3, 'Federico Ferreira', '4000037890', '20260123 - Antipitch -  PHD ABB OPC UA - A113.pdf', 'Proyecto cerrado', NULL, '0.2200', '2026-01-23T03:00:00.000Z', 'Zoonotic', '113', 'UYU', '0.00', '0.00', '0.00', '369630.00', '81318.60', '450948.60', '2026-02-23T03:00:00.000Z', '2026-02-26T03:00:00.000Z', '2026-03-22T00:07:32.710Z', '2026-03-22T00:07:32.710Z');
INSERT INTO projects (id, name, status, client_id, requestor, po, quote_file, type, hours_estimated, iva_rate, billing_date, razon_social, invoice_number, currency, subtotal_usd, iva_usd, total_usd, subtotal_uyu, iva_uyu, total_uyu, possible_payment_date, actual_payment_date, created_at, updated_at) VALUES (16, '137- Migración EBI', 'En Ejecución', 3, 'Federico Ferreira', '4000037885', 'Envió Diego 13/1', 'Proyecto cerrado', NULL, '0.2200', NULL, 'Zoonotic', NULL, 'UYU', '0.00', '0.00', '0.00', '375600.00', '0.00', '375600.00', NULL, NULL, '2026-03-22T00:07:32.711Z', '2026-03-22T00:07:32.711Z');
INSERT INTO projects (id, name, status, client_id, requestor, po, quote_file, type, hours_estimated, iva_rate, billing_date, razon_social, invoice_number, currency, subtotal_usd, iva_usd, total_usd, subtotal_uyu, iva_uyu, total_uyu, possible_payment_date, actual_payment_date, created_at, updated_at) VALUES (17, '138- Wireless Baling', 'En Ejecución', 3, 'Federico Ferreira', '6600007429', 'Envió Diego 5/2', 'Proyecto cerrado', NULL, '0.2200', NULL, 'Zoonotic', NULL, 'UYU', '0.00', '0.00', '0.00', '296290.00', '0.00', '296290.00', NULL, NULL, '2026-03-22T00:07:32.712Z', '2026-03-22T00:07:32.712Z');
INSERT INTO projects (id, name, status, client_id, requestor, po, quote_file, type, hours_estimated, iva_rate, billing_date, razon_social, invoice_number, currency, subtotal_usd, iva_usd, total_usd, subtotal_uyu, iva_uyu, total_uyu, possible_payment_date, actual_payment_date, created_at, updated_at) VALUES (18, '139- Migración tags baling L2', 'Facturado', 3, 'Federico Ferreira', '4000038144', '20260223 - Migración tags baling L2 - A115.pdf', 'Proyecto cerrado', NULL, '0.2200', '2026-02-23T03:00:00.000Z', 'Zoonotic', '115', 'UYU', '0.00', '0.00', '0.00', '207100.00', '45562.00', '252662.00', '2026-03-26T03:00:00.000Z', NULL, '2026-03-22T00:07:32.734Z', '2026-03-22T00:07:32.734Z');
INSERT INTO projects (id, name, status, client_id, requestor, po, quote_file, type, hours_estimated, iva_rate, billing_date, razon_social, invoice_number, currency, subtotal_usd, iva_usd, total_usd, subtotal_uyu, iva_uyu, total_uyu, possible_payment_date, actual_payment_date, created_at, updated_at) VALUES (19, '142- Medicion Aceite Turbinas', 'Falta Cotizar', 3, 'Federico Ferreira', NULL, NULL, 'Proyecto cerrado', NULL, '0.2200', NULL, 'Zoonotic', NULL, 'UYU', '0.00', '0.00', '0.00', '0.00', '0.00', '0.00', NULL, NULL, '2026-03-22T00:07:32.736Z', '2026-03-22T00:07:32.736Z');
INSERT INTO projects (id, name, status, client_id, requestor, po, quote_file, type, hours_estimated, iva_rate, billing_date, razon_social, invoice_number, currency, subtotal_usd, iva_usd, total_usd, subtotal_uyu, iva_uyu, total_uyu, possible_payment_date, actual_payment_date, created_at, updated_at) VALUES (20, '140- Historizar Drymatic L1', 'En Ejecución', 3, 'Federico Ferreira', '6600007432', NULL, 'Proyecto cerrado', NULL, '0.2200', NULL, 'Zoonotic', NULL, 'UYU', '0.00', '0.00', '0.00', '198100.00', '0.00', '198100.00', NULL, NULL, '2026-03-22T00:07:32.737Z', '2026-03-22T00:07:32.737Z');
INSERT INTO projects (id, name, status, client_id, requestor, po, quote_file, type, hours_estimated, iva_rate, billing_date, razon_social, invoice_number, currency, subtotal_usd, iva_usd, total_usd, subtotal_uyu, iva_uyu, total_uyu, possible_payment_date, actual_payment_date, created_at, updated_at) VALUES (21, '141- Historizar Drymatic L2', 'En Ejecución', 3, 'Federico Ferreira', '6600007432', NULL, 'Proyecto cerrado', NULL, '0.2200', NULL, 'Zoonotic', NULL, 'UYU', '0.00', '0.00', '0.00', '198100.00', '0.00', '198100.00', NULL, NULL, '2026-03-22T00:07:32.738Z', '2026-03-22T00:07:32.738Z');
INSERT INTO projects (id, name, status, client_id, requestor, po, quote_file, type, hours_estimated, iva_rate, billing_date, razon_social, invoice_number, currency, subtotal_usd, iva_usd, total_usd, subtotal_uyu, iva_uyu, total_uyu, possible_payment_date, actual_payment_date, created_at, updated_at) VALUES (22, '3- Soporte Secuencias centrifugas', 'Cobrado', 2, 'Robert Perez', '4000038360', '20260218 - Centrifugas - A114.pdf', 'Tiempo y materiales', NULL, '0.2200', '2026-02-18T03:00:00.000Z', 'Zoonotic', '114', 'USD', '8360.00', '1839.20', '10199.20', '324710.76', '71436.37', '396147.13', '2026-03-21T03:00:00.000Z', '2026-03-20T03:00:00.000Z', '2026-03-22T00:07:32.739Z', '2026-03-22T00:07:32.739Z');
INSERT INTO projects (id, name, status, client_id, requestor, po, quote_file, type, hours_estimated, iva_rate, billing_date, razon_social, invoice_number, currency, subtotal_usd, iva_usd, total_usd, subtotal_uyu, iva_uyu, total_uyu, possible_payment_date, actual_payment_date, created_at, updated_at) VALUES (23, '117- Rele Seguridad Patio - Astillado L2', 'En Ejecución', 3, 'Federico Ferreira', '4000038360', 'Enviado 27/2', 'Proyecto cerrado', NULL, '0.2200', NULL, 'Zoonotic', NULL, 'UYU', '0.00', '0.00', '0.00', '258000.00', '0.00', '258000.00', NULL, NULL, '2026-03-22T00:07:32.740Z', '2026-03-22T00:07:32.740Z');
INSERT INTO projects (id, name, status, client_id, requestor, po, quote_file, type, hours_estimated, iva_rate, billing_date, razon_social, invoice_number, currency, subtotal_usd, iva_usd, total_usd, subtotal_uyu, iva_uyu, total_uyu, possible_payment_date, actual_payment_date, created_at, updated_at) VALUES (24, '142- Servicios MDP-018 - SIN ENVIAR', 'Falta Cotizar', 3, 'Federico Ferreira', NULL, NULL, 'Proyecto cerrado', NULL, '0.2200', NULL, 'Zoonotic', NULL, 'UYU', '0.00', '0.00', '0.00', '367164.00', '0.00', '367164.00', NULL, NULL, '2026-03-22T00:07:32.741Z', '2026-03-22T00:07:32.741Z');
INSERT INTO projects (id, name, status, client_id, requestor, po, quote_file, type, hours_estimated, iva_rate, billing_date, razon_social, invoice_number, currency, subtotal_usd, iva_usd, total_usd, subtotal_uyu, iva_uyu, total_uyu, possible_payment_date, actual_payment_date, created_at, updated_at) VALUES (25, '148- Servicios MDP-019', 'En Ejecución', 3, 'Federico Ferreira', '4000038403', NULL, 'Proyecto cerrado', NULL, '0.2200', NULL, 'Zoonotic', NULL, 'UYU', '0.00', '0.00', '0.00', '343100.00', '0.00', '343100.00', NULL, NULL, '2026-03-22T00:07:32.742Z', '2026-03-22T00:07:32.742Z');
INSERT INTO projects (id, name, status, client_id, requestor, po, quote_file, type, hours_estimated, iva_rate, billing_date, razon_social, invoice_number, currency, subtotal_usd, iva_usd, total_usd, subtotal_uyu, iva_uyu, total_uyu, possible_payment_date, actual_payment_date, created_at, updated_at) VALUES (26, '149- Servicios MDP-020', 'Falta OC', 3, 'Federico Ferreira', NULL, 'Envió Diego el 13/3', 'Proyecto cerrado', NULL, '0.2200', NULL, 'Zoonotic', NULL, 'UYU', '0.00', '0.00', '0.00', '451800.00', '0.00', '451800.00', NULL, NULL, '2026-03-22T00:07:32.743Z', '2026-03-22T00:07:32.743Z');
INSERT INTO projects (id, name, status, client_id, requestor, po, quote_file, type, hours_estimated, iva_rate, billing_date, razon_social, invoice_number, currency, subtotal_usd, iva_usd, total_usd, subtotal_uyu, iva_uyu, total_uyu, possible_payment_date, actual_payment_date, created_at, updated_at) VALUES (27, '144- Thin Clients - SIN ENVIAR', 'Falta Cotizar', 3, 'Federico Ferreira', NULL, NULL, 'Proyecto cerrado', NULL, '0.2200', NULL, 'Zoonotic', NULL, 'UYU', '0.00', '0.00', '0.00', '295600.00', '0.00', '295600.00', NULL, NULL, '2026-03-22T00:07:32.745Z', '2026-03-22T00:07:32.745Z');
INSERT INTO projects (id, name, status, client_id, requestor, po, quote_file, type, hours_estimated, iva_rate, billing_date, razon_social, invoice_number, currency, subtotal_usd, iva_usd, total_usd, subtotal_uyu, iva_uyu, total_uyu, possible_payment_date, actual_payment_date, created_at, updated_at) VALUES (28, 'WIRELESS OT 2', 'Falta Cotizar', 3, 'Federico Ferreira', NULL, NULL, 'Proyecto cerrado', NULL, '0.2200', NULL, 'Zoonotic', NULL, 'UYU', '0.00', '0.00', '0.00', '0.00', '0.00', '0.00', NULL, NULL, '2026-03-22T00:07:32.746Z', '2026-03-22T00:07:32.746Z');

-- project_owners (28 registros)
INSERT INTO project_owners (id, project_id, owner_type, collaborator_id) VALUES (38, 1, 'Z2', NULL);
INSERT INTO project_owners (id, project_id, owner_type, collaborator_id) VALUES (39, 2, 'Colaborador', 4);
INSERT INTO project_owners (id, project_id, owner_type, collaborator_id) VALUES (40, 3, 'Z2', NULL);
INSERT INTO project_owners (id, project_id, owner_type, collaborator_id) VALUES (41, 4, 'Z2', NULL);
INSERT INTO project_owners (id, project_id, owner_type, collaborator_id) VALUES (42, 5, 'Z2', NULL);
INSERT INTO project_owners (id, project_id, owner_type, collaborator_id) VALUES (43, 6, 'Z2', NULL);
INSERT INTO project_owners (id, project_id, owner_type, collaborator_id) VALUES (44, 7, 'Colaborador', 3);
INSERT INTO project_owners (id, project_id, owner_type, collaborator_id) VALUES (45, 8, 'Z2', NULL);
INSERT INTO project_owners (id, project_id, owner_type, collaborator_id) VALUES (46, 9, 'Colaborador', 5);
INSERT INTO project_owners (id, project_id, owner_type, collaborator_id) VALUES (47, 10, 'Z2', NULL);
INSERT INTO project_owners (id, project_id, owner_type, collaborator_id) VALUES (48, 11, 'Colaborador', 5);
INSERT INTO project_owners (id, project_id, owner_type, collaborator_id) VALUES (49, 12, 'Z2', NULL);
INSERT INTO project_owners (id, project_id, owner_type, collaborator_id) VALUES (50, 13, 'Z2', NULL);
INSERT INTO project_owners (id, project_id, owner_type, collaborator_id) VALUES (51, 14, 'Z2', NULL);
INSERT INTO project_owners (id, project_id, owner_type, collaborator_id) VALUES (52, 15, 'Z2', NULL);
INSERT INTO project_owners (id, project_id, owner_type, collaborator_id) VALUES (53, 16, 'Z2', NULL);
INSERT INTO project_owners (id, project_id, owner_type, collaborator_id) VALUES (54, 17, 'Z2', NULL);
INSERT INTO project_owners (id, project_id, owner_type, collaborator_id) VALUES (55, 18, 'Colaborador', 5);
INSERT INTO project_owners (id, project_id, owner_type, collaborator_id) VALUES (56, 19, 'Z2', NULL);
INSERT INTO project_owners (id, project_id, owner_type, collaborator_id) VALUES (57, 20, 'Colaborador', 5);
INSERT INTO project_owners (id, project_id, owner_type, collaborator_id) VALUES (58, 21, 'Colaborador', 5);
INSERT INTO project_owners (id, project_id, owner_type, collaborator_id) VALUES (59, 22, 'Colaborador', 3);
INSERT INTO project_owners (id, project_id, owner_type, collaborator_id) VALUES (60, 23, 'Colaborador', 5);
INSERT INTO project_owners (id, project_id, owner_type, collaborator_id) VALUES (61, 24, 'Z2', NULL);
INSERT INTO project_owners (id, project_id, owner_type, collaborator_id) VALUES (62, 25, 'Z2', NULL);
INSERT INTO project_owners (id, project_id, owner_type, collaborator_id) VALUES (63, 26, 'Z2', NULL);
INSERT INTO project_owners (id, project_id, owner_type, collaborator_id) VALUES (64, 27, 'Z2', NULL);
INSERT INTO project_owners (id, project_id, owner_type, collaborator_id) VALUES (65, 28, 'Z2', NULL);

-- project_hours: sin datos

-- expenses (19 registros)
INSERT INTO expenses (id, date, description, amount, currency, collaborator_id, comment, auto_generated, project_id, type, created_at, updated_at) VALUES (3, '2026-01-04T03:00:00.000Z', 'Retiro 20K por cajero Diego', '20000.00', 'UYU', 2, NULL, FALSE, NULL, 'Egreso', '2026-03-22T00:32:19.737Z', '2026-03-22T00:32:19.737Z');
INSERT INTO expenses (id, date, description, amount, currency, collaborator_id, comment, auto_generated, project_id, type, created_at, updated_at) VALUES (4, '2026-01-10T03:00:00.000Z', 'Pago mail Carlitos', '180.00', 'USD', 2, NULL, FALSE, NULL, 'Devolución', '2026-03-22T00:32:19.795Z', '2026-03-22T00:32:19.795Z');
INSERT INTO expenses (id, date, description, amount, currency, collaborator_id, comment, auto_generated, project_id, type, created_at, updated_at) VALUES (5, '2026-01-26T03:00:00.000Z', 'Retiro plata en UYU Diego', '143482.00', 'UYU', 2, NULL, FALSE, NULL, 'Egreso', '2026-03-22T00:32:19.797Z', '2026-03-22T00:32:19.797Z');
INSERT INTO expenses (id, date, description, amount, currency, collaborator_id, comment, auto_generated, project_id, type, created_at, updated_at) VALUES (6, '2026-01-26T03:00:00.000Z', 'Pago Irae Ingeuy', '27023.00', 'UYU', 2, NULL, FALSE, NULL, 'Devolución', '2026-03-22T00:32:19.799Z', '2026-03-22T00:32:19.799Z');
INSERT INTO expenses (id, date, description, amount, currency, collaborator_id, comment, auto_generated, project_id, type, created_at, updated_at) VALUES (7, '2026-01-26T03:00:00.000Z', 'Compras AP', '13912.00', 'UYU', 2, NULL, FALSE, NULL, 'Devolución', '2026-03-22T00:32:19.800Z', '2026-03-22T00:32:19.800Z');
INSERT INTO expenses (id, date, description, amount, currency, collaborator_id, comment, auto_generated, project_id, type, created_at, updated_at) VALUES (8, '2026-01-26T03:00:00.000Z', 'Compras AP', '72527.00', 'UYU', 2, NULL, FALSE, NULL, 'Devolución', '2026-03-22T00:32:19.801Z', '2026-03-22T00:32:19.801Z');
INSERT INTO expenses (id, date, description, amount, currency, collaborator_id, comment, auto_generated, project_id, type, created_at, updated_at) VALUES (9, '2026-01-26T03:00:00.000Z', 'Compras AP', '14505.00', 'UYU', 2, NULL, FALSE, NULL, 'Devolución', '2026-03-22T00:32:19.802Z', '2026-03-22T00:32:19.802Z');
INSERT INTO expenses (id, date, description, amount, currency, collaborator_id, comment, auto_generated, project_id, type, created_at, updated_at) VALUES (10, '2026-02-01T03:00:00.000Z', 'Transferencia pablete pdt', '20000.00', 'UYU', 1, NULL, FALSE, NULL, 'Egreso', '2026-03-22T00:32:19.804Z', '2026-03-22T00:32:19.804Z');
INSERT INTO expenses (id, date, description, amount, currency, collaborator_id, comment, auto_generated, project_id, type, created_at, updated_at) VALUES (11, '2026-02-02T03:00:00.000Z', 'Hotel PdT', '8000.00', 'UYU', 1, NULL, FALSE, NULL, 'Devolución', '2026-03-22T00:32:19.805Z', '2026-03-22T00:32:19.805Z');
INSERT INTO expenses (id, date, description, amount, currency, collaborator_id, comment, auto_generated, project_id, type, created_at, updated_at) VALUES (12, '2026-02-06T03:00:00.000Z', 'Comida UPM Pdt - 5 comidas de 579,82', '2899.10', 'UYU', 1, NULL, FALSE, NULL, 'Devolución', '2026-03-22T00:32:19.806Z', '2026-03-22T00:32:19.806Z');
INSERT INTO expenses (id, date, description, amount, currency, collaborator_id, comment, auto_generated, project_id, type, created_at, updated_at) VALUES (13, '2026-02-06T03:00:00.000Z', 'PEAJES PDT', '1850.00', 'UYU', 2, NULL, FALSE, NULL, 'Devolución', '2026-03-22T00:32:19.807Z', '2026-03-22T00:32:19.807Z');
INSERT INTO expenses (id, date, description, amount, currency, collaborator_id, comment, auto_generated, project_id, type, created_at, updated_at) VALUES (14, '2026-02-06T03:00:00.000Z', 'Retire 1K del cajero', '1000.00', 'USD', 1, NULL, FALSE, NULL, 'Egreso', '2026-03-22T00:32:19.808Z', '2026-03-22T00:32:19.808Z');
INSERT INTO expenses (id, date, description, amount, currency, collaborator_id, comment, auto_generated, project_id, type, created_at, updated_at) VALUES (15, '2026-02-06T03:00:00.000Z', 'Pago de app para patio', '2285.00', 'UYU', 2, NULL, FALSE, NULL, 'Devolución', '2026-03-22T00:32:19.808Z', '2026-03-22T00:32:19.808Z');
INSERT INTO expenses (id, date, description, amount, currency, collaborator_id, comment, auto_generated, project_id, type, created_at, updated_at) VALUES (16, '2026-03-07T03:00:00.000Z', 'Diega saco para pagar un lechon (no nos invitó el trolo)', '20000.00', 'UYU', 2, NULL, FALSE, NULL, 'Egreso', '2026-03-22T00:32:19.809Z', '2026-03-22T00:32:19.809Z');
INSERT INTO expenses (id, date, description, amount, currency, collaborator_id, comment, auto_generated, project_id, type, created_at, updated_at) VALUES (17, '2026-03-09T03:00:00.000Z', 'Retira 7K Diega', '7000.00', 'USD', 2, NULL, FALSE, NULL, 'Egreso', '2026-03-22T00:32:19.814Z', '2026-03-22T00:32:19.814Z');
INSERT INTO expenses (id, date, description, amount, currency, collaborator_id, comment, auto_generated, project_id, type, created_at, updated_at) VALUES (18, '2026-03-13T03:00:00.000Z', 'Retire 7K del cajero', '7000.00', 'USD', 1, NULL, FALSE, NULL, 'Egreso', '2026-03-22T00:32:19.815Z', '2026-03-22T00:32:19.815Z');
INSERT INTO expenses (id, date, description, amount, currency, collaborator_id, comment, auto_generated, project_id, type, created_at, updated_at) VALUES (19, '2026-03-16T03:00:00.000Z', 'Retira 160K Diega', '160000.00', 'UYU', 2, NULL, FALSE, NULL, 'Egreso', '2026-03-22T00:32:19.817Z', '2026-03-22T00:32:19.817Z');
INSERT INTO expenses (id, date, description, amount, currency, collaborator_id, comment, auto_generated, project_id, type, created_at, updated_at) VALUES (20, '2026-03-16T03:00:00.000Z', 'Retira 20K Diega', '20000.00', 'UYU', 2, NULL, FALSE, NULL, 'Egreso', '2026-03-22T00:32:19.817Z', '2026-03-22T00:32:19.817Z');
INSERT INTO expenses (id, date, description, amount, currency, collaborator_id, comment, auto_generated, project_id, type, created_at, updated_at) VALUES (21, '2026-03-17T03:00:00.000Z', 'Retira 160K Diega', '160000.00', 'UYU', 2, NULL, FALSE, NULL, 'Egreso', '2026-03-22T00:32:19.818Z', '2026-03-22T00:32:19.818Z');

-- taxes: sin datos


-- Resetear sequences al valor maximo de cada tabla
SELECT setval('clients_id_seq', COALESCE((SELECT MAX(id) FROM clients), 1));
SELECT setval('client_referentes_id_seq', COALESCE((SELECT MAX(id) FROM client_referentes), 1));
SELECT setval('collaborators_id_seq', COALESCE((SELECT MAX(id) FROM collaborators), 1));
SELECT setval('projects_id_seq', COALESCE((SELECT MAX(id) FROM projects), 1));
SELECT setval('project_owners_id_seq', COALESCE((SELECT MAX(id) FROM project_owners), 1));
SELECT setval('project_hours_id_seq', COALESCE((SELECT MAX(id) FROM project_hours), 1));
SELECT setval('expenses_id_seq', COALESCE((SELECT MAX(id) FROM expenses), 1));
SELECT setval('taxes_id_seq', COALESCE((SELECT MAX(id) FROM taxes), 1));

-- Export completo.