-- =============================================
-- Z2 DATA EXPORT - 2026-03-22
-- Importar con: psql -U <user> -d <db> -f export_2026-03-22.sql
-- =============================================

SET session_replication_role = replica; -- deshabilita FK checks temporalmente

-- Eliminar datos existentes
TRUNCATE TABLE taxes, expenses, project_hours, project_owners, projects, client_referentes, collaborators, clients RESTART IDENTITY CASCADE;

-- clients (2 registros)
INSERT INTO clients (id, name, rut, description, created_at, updated_at) VALUES (2, 'Blanvira S.A.', '218110190012', 'UPM Paso de los toros', 'Sat Mar 21 2026 20:17:18 GMT-0300 (Uruguay Standard Time)', 'Sat Mar 21 2026 20:17:18 GMT-0300 (Uruguay Standard Time)');
INSERT INTO clients (id, name, rut, description, created_at, updated_at) VALUES (3, 'Celulosa y Energia Punta Pereira S.A.', NULL, NULL, 'Sat Mar 21 2026 20:51:25 GMT-0300 (Uruguay Standard Time)', 'Sat Mar 21 2026 20:51:25 GMT-0300 (Uruguay Standard Time)');

-- client_referentes (1 registros)
INSERT INTO client_referentes (id, client_id, name, email, phone) VALUES (2, 2, 'Rober Perez', 'robert.perez@upm.com', '099273172');

-- collaborators (5 registros)
INSERT INTO collaborators (id, name, start_date, email, condition, active, created_at, updated_at) VALUES (1, 'Pablo Iademarco', 'Sun Jan 15 2023 00:00:00 GMT-0300 (Uruguay Standard Time)', 'pablo.iademarco@zoonoticuy.com', 'Socio', TRUE, 'Fri Mar 20 2026 15:39:21 GMT-0300 (Uruguay Standard Time)', 'Fri Mar 20 2026 15:39:21 GMT-0300 (Uruguay Standard Time)');
INSERT INTO collaborators (id, name, start_date, email, condition, active, created_at, updated_at) VALUES (2, 'Diego Ricca', 'Sun Jan 15 2023 00:00:00 GMT-0300 (Uruguay Standard Time)', 'diego.ricca@ingeuy.com', 'Socio', TRUE, 'Fri Mar 20 2026 15:39:43 GMT-0300 (Uruguay Standard Time)', 'Fri Mar 20 2026 15:39:43 GMT-0300 (Uruguay Standard Time)');
INSERT INTO collaborators (id, name, start_date, email, condition, active, created_at, updated_at) VALUES (3, 'Leandro Boschi', 'Sun Jan 15 2023 00:00:00 GMT-0300 (Uruguay Standard Time)', 'leandro.boschi@zoonoticuy.com', 'Contratado por horas', TRUE, 'Fri Mar 20 2026 15:40:12 GMT-0300 (Uruguay Standard Time)', 'Fri Mar 20 2026 15:40:12 GMT-0300 (Uruguay Standard Time)');
INSERT INTO collaborators (id, name, start_date, email, condition, active, created_at, updated_at) VALUES (4, 'Carlos Bree', 'Sun Jan 15 2023 00:00:00 GMT-0300 (Uruguay Standard Time)', 'carlos.bree@zoonoticuy.com', 'Contratado por horas', TRUE, 'Fri Mar 20 2026 15:40:35 GMT-0300 (Uruguay Standard Time)', 'Fri Mar 20 2026 15:40:35 GMT-0300 (Uruguay Standard Time)');
INSERT INTO collaborators (id, name, start_date, email, condition, active, created_at, updated_at) VALUES (5, 'GR', 'Sun Jan 15 2023 00:00:00 GMT-0300 (Uruguay Standard Time)', 'grweb@gmail.com', 'Coparticipante', TRUE, 'Fri Mar 20 2026 15:41:02 GMT-0300 (Uruguay Standard Time)', 'Fri Mar 20 2026 15:41:02 GMT-0300 (Uruguay Standard Time)');

-- projects (28 registros)
INSERT INTO projects (id, name, status, client_id, requestor, po, quote_file, type, hours_estimated, iva_rate, billing_date, razon_social, invoice_number, currency, subtotal_usd, iva_usd, total_usd, subtotal_uyu, iva_uyu, total_uyu, possible_payment_date, actual_payment_date, created_at, updated_at) VALUES (1, '86- Precipitadores - PGP', 'Cobrado', 3, 'Andres Suttner', '6900001289', '20251205 - Precipitadores PGP - A110.pdf', 'Proyecto cerrado', NULL, '0.2200', 'Fri Dec 05 2025 00:00:00 GMT-0300 (Uruguay Standard Time)', 'Zoonotic', '110', 'UYU', '0.00', '0.00', '0.00', '880500.00', '193710.00', '1074210.00', 'Mon Jan 05 2026 00:00:00 GMT-0300 (Uruguay Standard Time)', 'Wed Jan 14 2026 00:00:00 GMT-0300 (Uruguay Standard Time)', 'Sat Mar 21 2026 21:07:32 GMT-0300 (Uruguay Standard Time)', 'Sat Mar 21 2026 21:07:32 GMT-0300 (Uruguay Standard Time)');
INSERT INTO projects (id, name, status, client_id, requestor, po, quote_file, type, hours_estimated, iva_rate, billing_date, razon_social, invoice_number, currency, subtotal_usd, iva_usd, total_usd, subtotal_uyu, iva_uyu, total_uyu, possible_payment_date, actual_payment_date, created_at, updated_at) VALUES (2, '108- K3000 PLC B&R', 'Cobrado', 3, 'Federico Ferreira', '4000037014', '20251215 - K3000 PLC B&R - A111.pdf', 'Proyecto cerrado', NULL, '0.2200', 'Mon Dec 15 2025 00:00:00 GMT-0300 (Uruguay Standard Time)', 'Zoonotic', '111', 'UYU', '0.00', '0.00', '0.00', '422000.00', '92840.00', '514840.00', 'Thu Jan 15 2026 00:00:00 GMT-0300 (Uruguay Standard Time)', 'Wed Jan 21 2026 00:00:00 GMT-0300 (Uruguay Standard Time)', 'Sat Mar 21 2026 21:07:32 GMT-0300 (Uruguay Standard Time)', 'Sat Mar 21 2026 21:07:32 GMT-0300 (Uruguay Standard Time)');
INSERT INTO projects (id, name, status, client_id, requestor, po, quote_file, type, hours_estimated, iva_rate, billing_date, razon_social, invoice_number, currency, subtotal_usd, iva_usd, total_usd, subtotal_uyu, iva_uyu, total_uyu, possible_payment_date, actual_payment_date, created_at, updated_at) VALUES (3, '111- Servicios MDP-013', 'Cobrado', 3, 'Federico Ferreira', '4000036956', '20251202 - ServiciosMDP-013 - A106.pdf', 'Proyecto cerrado', NULL, '0.2200', 'Tue Dec 02 2025 00:00:00 GMT-0300 (Uruguay Standard Time)', 'Zoonotic', '106', 'UYU', '0.00', '0.00', '0.00', '323630.00', '71198.60', '394828.60', 'Fri Jan 02 2026 00:00:00 GMT-0300 (Uruguay Standard Time)', 'Wed Jan 14 2026 00:00:00 GMT-0300 (Uruguay Standard Time)', 'Sat Mar 21 2026 21:07:32 GMT-0300 (Uruguay Standard Time)', 'Sat Mar 21 2026 21:07:32 GMT-0300 (Uruguay Standard Time)');
INSERT INTO projects (id, name, status, client_id, requestor, po, quote_file, type, hours_estimated, iva_rate, billing_date, razon_social, invoice_number, currency, subtotal_usd, iva_usd, total_usd, subtotal_uyu, iva_uyu, total_uyu, possible_payment_date, actual_payment_date, created_at, updated_at) VALUES (4, '122- Actualizacion ACE C300 IO', 'Cobrado', 3, 'Andres Suttner', '6900001205', '20251202 - Actualizacion ACE C300 IO - A107.pdf', 'Proyecto cerrado', NULL, '0.2200', 'Tue Dec 02 2025 00:00:00 GMT-0300 (Uruguay Standard Time)', 'Zoonotic', '107', 'UYU', '0.00', '0.00', '0.00', '305760.00', '67267.20', '373027.20', 'Fri Jan 02 2026 00:00:00 GMT-0300 (Uruguay Standard Time)', 'Wed Jan 14 2026 00:00:00 GMT-0300 (Uruguay Standard Time)', 'Sat Mar 21 2026 21:07:32 GMT-0300 (Uruguay Standard Time)', 'Sat Mar 21 2026 21:07:32 GMT-0300 (Uruguay Standard Time)');
INSERT INTO projects (id, name, status, client_id, requestor, po, quote_file, type, hours_estimated, iva_rate, billing_date, razon_social, invoice_number, currency, subtotal_usd, iva_usd, total_usd, subtotal_uyu, iva_uyu, total_uyu, possible_payment_date, actual_payment_date, created_at, updated_at) VALUES (5, '127- PGP Varios', 'Cobrado', 3, 'Federico Ferreira', '4000037013', '20251202 - PGP Varios - A109.pdf', 'Proyecto cerrado', NULL, '0.2200', 'Tue Dec 02 2025 00:00:00 GMT-0300 (Uruguay Standard Time)', 'Zoonotic', '109', 'UYU', '0.00', '0.00', '0.00', '323630.00', '71198.60', '394828.60', 'Fri Jan 02 2026 00:00:00 GMT-0300 (Uruguay Standard Time)', 'Wed Jan 14 2026 00:00:00 GMT-0300 (Uruguay Standard Time)', 'Sat Mar 21 2026 21:07:32 GMT-0300 (Uruguay Standard Time)', 'Sat Mar 21 2026 21:07:32 GMT-0300 (Uruguay Standard Time)');
INSERT INTO projects (id, name, status, client_id, requestor, po, quote_file, type, hours_estimated, iva_rate, billing_date, razon_social, invoice_number, currency, subtotal_usd, iva_usd, total_usd, subtotal_uyu, iva_uyu, total_uyu, possible_payment_date, actual_payment_date, created_at, updated_at) VALUES (6, '124- Servicios de ingeniería 14', 'Cobrado', 3, 'Federico Ferreira', '4000037210', '20251202 - ServiciosMDP-014 - A108.pdf', 'Proyecto cerrado', NULL, '0.2200', 'Tue Dec 02 2025 00:00:00 GMT-0300 (Uruguay Standard Time)', 'Zoonotic', '108', 'UYU', '0.00', '0.00', '0.00', '327600.00', '72072.00', '399672.00', 'Fri Jan 02 2026 00:00:00 GMT-0300 (Uruguay Standard Time)', 'Wed Jan 14 2026 00:00:00 GMT-0300 (Uruguay Standard Time)', 'Sat Mar 21 2026 21:07:32 GMT-0300 (Uruguay Standard Time)', 'Sat Mar 21 2026 21:07:32 GMT-0300 (Uruguay Standard Time)');
INSERT INTO projects (id, name, status, client_id, requestor, po, quote_file, type, hours_estimated, iva_rate, billing_date, razon_social, invoice_number, currency, subtotal_usd, iva_usd, total_usd, subtotal_uyu, iva_uyu, total_uyu, possible_payment_date, actual_payment_date, created_at, updated_at) VALUES (7, 'HVAC', 'Cobrado', 2, 'Robert Perez', 'Sin SES', '20251216 - PO#4150010073 - A112.pdf', 'Tiempo y materiales', '124.00', '0.2200', 'Tue Dec 16 2025 00:00:00 GMT-0300 (Uruguay Standard Time)', 'Zoonotic', '112', 'USD', '6200.00', '1364.00', '7564.00', '241477.60', '53125.07', '294602.67', 'Fri Jan 16 2026 00:00:00 GMT-0300 (Uruguay Standard Time)', 'Thu Jan 15 2026 00:00:00 GMT-0300 (Uruguay Standard Time)', 'Sat Mar 21 2026 21:07:32 GMT-0300 (Uruguay Standard Time)', 'Sat Mar 21 2026 21:07:32 GMT-0300 (Uruguay Standard Time)');
INSERT INTO projects (id, name, status, client_id, requestor, po, quote_file, type, hours_estimated, iva_rate, billing_date, razon_social, invoice_number, currency, subtotal_usd, iva_usd, total_usd, subtotal_uyu, iva_uyu, total_uyu, possible_payment_date, actual_payment_date, created_at, updated_at) VALUES (8, 'Arquitectura FTE', 'Falta Cotizar', 3, 'Federico Ferreira', NULL, NULL, 'Proyecto cerrado', NULL, '0.2200', NULL, NULL, NULL, 'UYU', '0.00', '0.00', '0.00', '0.00', '0.00', '0.00', NULL, NULL, 'Sat Mar 21 2026 21:07:32 GMT-0300 (Uruguay Standard Time)', 'Sat Mar 21 2026 21:07:32 GMT-0300 (Uruguay Standard Time)');
INSERT INTO projects (id, name, status, client_id, requestor, po, quote_file, type, hours_estimated, iva_rate, billing_date, razon_social, invoice_number, currency, subtotal_usd, iva_usd, total_usd, subtotal_uyu, iva_uyu, total_uyu, possible_payment_date, actual_payment_date, created_at, updated_at) VALUES (9, '119- SRS DCS Doc', 'Falta Cotizar', 3, NULL, NULL, 'VERIFICAR PLANTEO GUSTAVO', 'Proyecto cerrado', NULL, '0.2200', NULL, NULL, NULL, 'UYU', '0.00', '0.00', '0.00', '0.00', '0.00', '0.00', NULL, NULL, 'Sat Mar 21 2026 21:07:32 GMT-0300 (Uruguay Standard Time)', 'Sat Mar 21 2026 21:07:32 GMT-0300 (Uruguay Standard Time)');
INSERT INTO projects (id, name, status, client_id, requestor, po, quote_file, type, hours_estimated, iva_rate, billing_date, razon_social, invoice_number, currency, subtotal_usd, iva_usd, total_usd, subtotal_uyu, iva_uyu, total_uyu, possible_payment_date, actual_payment_date, created_at, updated_at) VALUES (10, '126- Thinclients y FW', 'Cobrado', 3, 'Andres Suttner', '4000037882', '20260119 - Thinclients y FW - I207.pdf', 'Proyecto cerrado', NULL, '0.2200', 'Mon Jan 19 2026 00:00:00 GMT-0300 (Uruguay Standard Time)', 'Ingeuy', '207', 'UYU', '0.00', '0.00', '0.00', '146400.00', '32208.00', '178608.00', 'Thu Feb 19 2026 00:00:00 GMT-0300 (Uruguay Standard Time)', 'Thu Feb 26 2026 00:00:00 GMT-0300 (Uruguay Standard Time)', 'Sat Mar 21 2026 21:07:32 GMT-0300 (Uruguay Standard Time)', 'Sat Mar 21 2026 21:07:32 GMT-0300 (Uruguay Standard Time)');
INSERT INTO projects (id, name, status, client_id, requestor, po, quote_file, type, hours_estimated, iva_rate, billing_date, razon_social, invoice_number, currency, subtotal_usd, iva_usd, total_usd, subtotal_uyu, iva_uyu, total_uyu, possible_payment_date, actual_payment_date, created_at, updated_at) VALUES (11, '117- Rele Seguridad Patio - Astillado L1', 'En Ejecución', 3, 'Federico Ferreira', '4000038360', 'Envió Pablo 12/12 - Reenviado 27/2', 'Proyecto cerrado', NULL, '0.2200', NULL, 'Zoonotic', NULL, 'UYU', '0.00', '0.00', '0.00', '258000.00', '0.00', '258000.00', NULL, NULL, 'Sat Mar 21 2026 21:07:32 GMT-0300 (Uruguay Standard Time)', 'Sat Mar 21 2026 21:07:32 GMT-0300 (Uruguay Standard Time)');
INSERT INTO projects (id, name, status, client_id, requestor, po, quote_file, type, hours_estimated, iva_rate, billing_date, razon_social, invoice_number, currency, subtotal_usd, iva_usd, total_usd, subtotal_uyu, iva_uyu, total_uyu, possible_payment_date, actual_payment_date, created_at, updated_at) VALUES (12, '135- Servicios MDP-016', 'Facturado', 3, 'Federico Ferreira', '4000037837', '20260309 -Servicios MDP-016 - A116.pdf', 'Proyecto cerrado', NULL, '0.2200', 'Mon Mar 09 2026 00:00:00 GMT-0300 (Uruguay Standard Time)', 'Zoonotic', '116', 'UYU', '0.00', '0.00', '0.00', '225500.00', '49610.00', '275110.00', 'Thu Apr 09 2026 00:00:00 GMT-0300 (Uruguay Standard Time)', NULL, 'Sat Mar 21 2026 21:07:32 GMT-0300 (Uruguay Standard Time)', 'Sat Mar 21 2026 21:07:32 GMT-0300 (Uruguay Standard Time)');
INSERT INTO projects (id, name, status, client_id, requestor, po, quote_file, type, hours_estimated, iva_rate, billing_date, razon_social, invoice_number, currency, subtotal_usd, iva_usd, total_usd, subtotal_uyu, iva_uyu, total_uyu, possible_payment_date, actual_payment_date, created_at, updated_at) VALUES (13, '136- Servicios MDP-017', 'Facturado', 3, 'Federico Ferreira', '4000037836', '20260309 -Servicios MDP-017 - A117.pdf', 'Proyecto cerrado', NULL, '0.2200', 'Mon Mar 09 2026 00:00:00 GMT-0300 (Uruguay Standard Time)', 'Zoonotic', '117', 'UYU', '0.00', '0.00', '0.00', '202500.00', '44550.00', '247050.00', 'Thu Apr 09 2026 00:00:00 GMT-0300 (Uruguay Standard Time)', NULL, 'Sat Mar 21 2026 21:07:32 GMT-0300 (Uruguay Standard Time)', 'Sat Mar 21 2026 21:07:32 GMT-0300 (Uruguay Standard Time)');
INSERT INTO projects (id, name, status, client_id, requestor, po, quote_file, type, hours_estimated, iva_rate, billing_date, razon_social, invoice_number, currency, subtotal_usd, iva_usd, total_usd, subtotal_uyu, iva_uyu, total_uyu, possible_payment_date, actual_payment_date, created_at, updated_at) VALUES (14, '133- Skid Antipitch SEV-12595', 'Cobrado', 3, 'Federico Ferreira', '4000037890', '20260123 - Antipitch -  PHD ABB OPC UA - A113.pdf', 'Proyecto cerrado', NULL, '0.2200', 'Fri Jan 23 2026 00:00:00 GMT-0300 (Uruguay Standard Time)', 'Zoonotic', '113', 'UYU', '0.00', '0.00', '0.00', '409000.00', '89980.00', '498980.00', 'Mon Feb 23 2026 00:00:00 GMT-0300 (Uruguay Standard Time)', 'Thu Feb 26 2026 00:00:00 GMT-0300 (Uruguay Standard Time)', 'Sat Mar 21 2026 21:07:32 GMT-0300 (Uruguay Standard Time)', 'Sat Mar 21 2026 21:07:32 GMT-0300 (Uruguay Standard Time)');
INSERT INTO projects (id, name, status, client_id, requestor, po, quote_file, type, hours_estimated, iva_rate, billing_date, razon_social, invoice_number, currency, subtotal_usd, iva_usd, total_usd, subtotal_uyu, iva_uyu, total_uyu, possible_payment_date, actual_payment_date, created_at, updated_at) VALUES (15, '134- PHD ABB OPC UA', 'Cobrado', 3, 'Federico Ferreira', '4000037890', '20260123 - Antipitch -  PHD ABB OPC UA - A113.pdf', 'Proyecto cerrado', NULL, '0.2200', 'Fri Jan 23 2026 00:00:00 GMT-0300 (Uruguay Standard Time)', 'Zoonotic', '113', 'UYU', '0.00', '0.00', '0.00', '369630.00', '81318.60', '450948.60', 'Mon Feb 23 2026 00:00:00 GMT-0300 (Uruguay Standard Time)', 'Thu Feb 26 2026 00:00:00 GMT-0300 (Uruguay Standard Time)', 'Sat Mar 21 2026 21:07:32 GMT-0300 (Uruguay Standard Time)', 'Sat Mar 21 2026 21:07:32 GMT-0300 (Uruguay Standard Time)');
INSERT INTO projects (id, name, status, client_id, requestor, po, quote_file, type, hours_estimated, iva_rate, billing_date, razon_social, invoice_number, currency, subtotal_usd, iva_usd, total_usd, subtotal_uyu, iva_uyu, total_uyu, possible_payment_date, actual_payment_date, created_at, updated_at) VALUES (16, '137- Migración EBI', 'En Ejecución', 3, 'Federico Ferreira', '4000037885', 'Envió Diego 13/1', 'Proyecto cerrado', NULL, '0.2200', NULL, 'Zoonotic', NULL, 'UYU', '0.00', '0.00', '0.00', '375600.00', '0.00', '375600.00', NULL, NULL, 'Sat Mar 21 2026 21:07:32 GMT-0300 (Uruguay Standard Time)', 'Sat Mar 21 2026 21:07:32 GMT-0300 (Uruguay Standard Time)');
INSERT INTO projects (id, name, status, client_id, requestor, po, quote_file, type, hours_estimated, iva_rate, billing_date, razon_social, invoice_number, currency, subtotal_usd, iva_usd, total_usd, subtotal_uyu, iva_uyu, total_uyu, possible_payment_date, actual_payment_date, created_at, updated_at) VALUES (17, '138- Wireless Baling', 'En Ejecución', 3, 'Federico Ferreira', '6600007429', 'Envió Diego 5/2', 'Proyecto cerrado', NULL, '0.2200', NULL, 'Zoonotic', NULL, 'UYU', '0.00', '0.00', '0.00', '296290.00', '0.00', '296290.00', NULL, NULL, 'Sat Mar 21 2026 21:07:32 GMT-0300 (Uruguay Standard Time)', 'Sat Mar 21 2026 21:07:32 GMT-0300 (Uruguay Standard Time)');
INSERT INTO projects (id, name, status, client_id, requestor, po, quote_file, type, hours_estimated, iva_rate, billing_date, razon_social, invoice_number, currency, subtotal_usd, iva_usd, total_usd, subtotal_uyu, iva_uyu, total_uyu, possible_payment_date, actual_payment_date, created_at, updated_at) VALUES (18, '139- Migración tags baling L2', 'Facturado', 3, 'Federico Ferreira', '4000038144', '20260223 - Migración tags baling L2 - A115.pdf', 'Proyecto cerrado', NULL, '0.2200', 'Mon Feb 23 2026 00:00:00 GMT-0300 (Uruguay Standard Time)', 'Zoonotic', '115', 'UYU', '0.00', '0.00', '0.00', '207100.00', '45562.00', '252662.00', 'Thu Mar 26 2026 00:00:00 GMT-0300 (Uruguay Standard Time)', NULL, 'Sat Mar 21 2026 21:07:32 GMT-0300 (Uruguay Standard Time)', 'Sat Mar 21 2026 21:07:32 GMT-0300 (Uruguay Standard Time)');
INSERT INTO projects (id, name, status, client_id, requestor, po, quote_file, type, hours_estimated, iva_rate, billing_date, razon_social, invoice_number, currency, subtotal_usd, iva_usd, total_usd, subtotal_uyu, iva_uyu, total_uyu, possible_payment_date, actual_payment_date, created_at, updated_at) VALUES (19, '142- Medicion Aceite Turbinas', 'Falta Cotizar', 3, 'Federico Ferreira', NULL, NULL, 'Proyecto cerrado', NULL, '0.2200', NULL, 'Zoonotic', NULL, 'UYU', '0.00', '0.00', '0.00', '0.00', '0.00', '0.00', NULL, NULL, 'Sat Mar 21 2026 21:07:32 GMT-0300 (Uruguay Standard Time)', 'Sat Mar 21 2026 21:07:32 GMT-0300 (Uruguay Standard Time)');
INSERT INTO projects (id, name, status, client_id, requestor, po, quote_file, type, hours_estimated, iva_rate, billing_date, razon_social, invoice_number, currency, subtotal_usd, iva_usd, total_usd, subtotal_uyu, iva_uyu, total_uyu, possible_payment_date, actual_payment_date, created_at, updated_at) VALUES (20, '140- Historizar Drymatic L1', 'En Ejecución', 3, 'Federico Ferreira', '6600007432', NULL, 'Proyecto cerrado', NULL, '0.2200', NULL, 'Zoonotic', NULL, 'UYU', '0.00', '0.00', '0.00', '198100.00', '0.00', '198100.00', NULL, NULL, 'Sat Mar 21 2026 21:07:32 GMT-0300 (Uruguay Standard Time)', 'Sat Mar 21 2026 21:07:32 GMT-0300 (Uruguay Standard Time)');
INSERT INTO projects (id, name, status, client_id, requestor, po, quote_file, type, hours_estimated, iva_rate, billing_date, razon_social, invoice_number, currency, subtotal_usd, iva_usd, total_usd, subtotal_uyu, iva_uyu, total_uyu, possible_payment_date, actual_payment_date, created_at, updated_at) VALUES (21, '141- Historizar Drymatic L2', 'En Ejecución', 3, 'Federico Ferreira', '6600007432', NULL, 'Proyecto cerrado', NULL, '0.2200', NULL, 'Zoonotic', NULL, 'UYU', '0.00', '0.00', '0.00', '198100.00', '0.00', '198100.00', NULL, NULL, 'Sat Mar 21 2026 21:07:32 GMT-0300 (Uruguay Standard Time)', 'Sat Mar 21 2026 21:07:32 GMT-0300 (Uruguay Standard Time)');
INSERT INTO projects (id, name, status, client_id, requestor, po, quote_file, type, hours_estimated, iva_rate, billing_date, razon_social, invoice_number, currency, subtotal_usd, iva_usd, total_usd, subtotal_uyu, iva_uyu, total_uyu, possible_payment_date, actual_payment_date, created_at, updated_at) VALUES (22, '3- Soporte Secuencias centrifugas', 'Cobrado', 2, 'Robert Perez', '4000038360', '20260218 - Centrifugas - A114.pdf', 'Tiempo y materiales', NULL, '0.2200', 'Wed Feb 18 2026 00:00:00 GMT-0300 (Uruguay Standard Time)', 'Zoonotic', '114', 'USD', '8360.00', '1839.20', '10199.20', '324710.76', '71436.37', '396147.13', 'Sat Mar 21 2026 00:00:00 GMT-0300 (Uruguay Standard Time)', 'Fri Mar 20 2026 00:00:00 GMT-0300 (Uruguay Standard Time)', 'Sat Mar 21 2026 21:07:32 GMT-0300 (Uruguay Standard Time)', 'Sat Mar 21 2026 21:07:32 GMT-0300 (Uruguay Standard Time)');
INSERT INTO projects (id, name, status, client_id, requestor, po, quote_file, type, hours_estimated, iva_rate, billing_date, razon_social, invoice_number, currency, subtotal_usd, iva_usd, total_usd, subtotal_uyu, iva_uyu, total_uyu, possible_payment_date, actual_payment_date, created_at, updated_at) VALUES (23, '117- Rele Seguridad Patio - Astillado L2', 'En Ejecución', 3, 'Federico Ferreira', '4000038360', 'Enviado 27/2', 'Proyecto cerrado', NULL, '0.2200', NULL, 'Zoonotic', NULL, 'UYU', '0.00', '0.00', '0.00', '258000.00', '0.00', '258000.00', NULL, NULL, 'Sat Mar 21 2026 21:07:32 GMT-0300 (Uruguay Standard Time)', 'Sat Mar 21 2026 21:07:32 GMT-0300 (Uruguay Standard Time)');
INSERT INTO projects (id, name, status, client_id, requestor, po, quote_file, type, hours_estimated, iva_rate, billing_date, razon_social, invoice_number, currency, subtotal_usd, iva_usd, total_usd, subtotal_uyu, iva_uyu, total_uyu, possible_payment_date, actual_payment_date, created_at, updated_at) VALUES (24, '142- Servicios MDP-018 - SIN ENVIAR', 'Falta Cotizar', 3, 'Federico Ferreira', NULL, NULL, 'Proyecto cerrado', NULL, '0.2200', NULL, 'Zoonotic', NULL, 'UYU', '0.00', '0.00', '0.00', '367164.00', '0.00', '367164.00', NULL, NULL, 'Sat Mar 21 2026 21:07:32 GMT-0300 (Uruguay Standard Time)', 'Sat Mar 21 2026 21:07:32 GMT-0300 (Uruguay Standard Time)');
INSERT INTO projects (id, name, status, client_id, requestor, po, quote_file, type, hours_estimated, iva_rate, billing_date, razon_social, invoice_number, currency, subtotal_usd, iva_usd, total_usd, subtotal_uyu, iva_uyu, total_uyu, possible_payment_date, actual_payment_date, created_at, updated_at) VALUES (25, '148- Servicios MDP-019', 'En Ejecución', 3, 'Federico Ferreira', '4000038403', NULL, 'Proyecto cerrado', NULL, '0.2200', NULL, 'Zoonotic', NULL, 'UYU', '0.00', '0.00', '0.00', '343100.00', '0.00', '343100.00', NULL, NULL, 'Sat Mar 21 2026 21:07:32 GMT-0300 (Uruguay Standard Time)', 'Sat Mar 21 2026 21:07:32 GMT-0300 (Uruguay Standard Time)');
INSERT INTO projects (id, name, status, client_id, requestor, po, quote_file, type, hours_estimated, iva_rate, billing_date, razon_social, invoice_number, currency, subtotal_usd, iva_usd, total_usd, subtotal_uyu, iva_uyu, total_uyu, possible_payment_date, actual_payment_date, created_at, updated_at) VALUES (26, '149- Servicios MDP-020', 'Falta OC', 3, 'Federico Ferreira', NULL, 'Envió Diego el 13/3', 'Proyecto cerrado', NULL, '0.2200', NULL, 'Zoonotic', NULL, 'UYU', '0.00', '0.00', '0.00', '451800.00', '0.00', '451800.00', NULL, NULL, 'Sat Mar 21 2026 21:07:32 GMT-0300 (Uruguay Standard Time)', 'Sat Mar 21 2026 21:07:32 GMT-0300 (Uruguay Standard Time)');
INSERT INTO projects (id, name, status, client_id, requestor, po, quote_file, type, hours_estimated, iva_rate, billing_date, razon_social, invoice_number, currency, subtotal_usd, iva_usd, total_usd, subtotal_uyu, iva_uyu, total_uyu, possible_payment_date, actual_payment_date, created_at, updated_at) VALUES (27, '144- Thin Clients - SIN ENVIAR', 'Falta Cotizar', 3, 'Federico Ferreira', NULL, NULL, 'Proyecto cerrado', NULL, '0.2200', NULL, 'Zoonotic', NULL, 'UYU', '0.00', '0.00', '0.00', '295600.00', '0.00', '295600.00', NULL, NULL, 'Sat Mar 21 2026 21:07:32 GMT-0300 (Uruguay Standard Time)', 'Sat Mar 21 2026 21:07:32 GMT-0300 (Uruguay Standard Time)');
INSERT INTO projects (id, name, status, client_id, requestor, po, quote_file, type, hours_estimated, iva_rate, billing_date, razon_social, invoice_number, currency, subtotal_usd, iva_usd, total_usd, subtotal_uyu, iva_uyu, total_uyu, possible_payment_date, actual_payment_date, created_at, updated_at) VALUES (28, 'WIRELESS OT 2', 'Falta Cotizar', 3, 'Federico Ferreira', NULL, NULL, 'Proyecto cerrado', NULL, '0.2200', NULL, 'Zoonotic', NULL, 'UYU', '0.00', '0.00', '0.00', '0.00', '0.00', '0.00', NULL, NULL, 'Sat Mar 21 2026 21:07:32 GMT-0300 (Uruguay Standard Time)', 'Sat Mar 21 2026 21:07:32 GMT-0300 (Uruguay Standard Time)');

-- project_owners (28 registros)
INSERT INTO project_owners (id, project_id, owner_type, collaborator_id) VALUES (38, 1, 'Z2', NULL);
INSERT INTO project_owners (id, project_id, owner_type, collaborator_id) VALUES (39, 2, 'Colaborador', 4);
INSERT INTO project_owners (id, project_id, owner_type, collaborator_id) VALUES (40, 3, 'Z2', NULL);
INSERT INTO project_owners (id, project_id, owner_type, collaborator_id) VALUES (41, 4, 'Z2', NULL);
INSERT INTO project_owners (id, project_id, owner_type, collaborator_id) VALUES (42, 5, 'Z2', NULL);
INSERT INTO project_owners (id, project_id, owner_type, collaborator_id) VALUES (43, 6, 'Z2', NULL);
INSERT INTO project_owners (id, project_id, owner_type, collaborator_id) VALUES (44, 7, 'Colaborador', 3);
INSERT INTO project_owners (id, project_id, owner_type, collaborator_id) VALUES (45, 8, 'Z2', NULL);
INSERT INTO project_owners (id, project_id, owner_type, collaborator_id) VALUES (46, 9, 'Colaborador', 5);
INSERT INTO project_owners (id, project_id, owner_type, collaborator_id) VALUES (47, 10, 'Z2', NULL);
INSERT INTO project_owners (id, project_id, owner_type, collaborator_id) VALUES (48, 11, 'Colaborador', 5);
INSERT INTO project_owners (id, project_id, owner_type, collaborator_id) VALUES (49, 12, 'Z2', NULL);
INSERT INTO project_owners (id, project_id, owner_type, collaborator_id) VALUES (50, 13, 'Z2', NULL);
INSERT INTO project_owners (id, project_id, owner_type, collaborator_id) VALUES (51, 14, 'Z2', NULL);
INSERT INTO project_owners (id, project_id, owner_type, collaborator_id) VALUES (52, 15, 'Z2', NULL);
INSERT INTO project_owners (id, project_id, owner_type, collaborator_id) VALUES (53, 16, 'Z2', NULL);
INSERT INTO project_owners (id, project_id, owner_type, collaborator_id) VALUES (54, 17, 'Z2', NULL);
INSERT INTO project_owners (id, project_id, owner_type, collaborator_id) VALUES (55, 18, 'Colaborador', 5);
INSERT INTO project_owners (id, project_id, owner_type, collaborator_id) VALUES (56, 19, 'Z2', NULL);
INSERT INTO project_owners (id, project_id, owner_type, collaborator_id) VALUES (57, 20, 'Colaborador', 5);
INSERT INTO project_owners (id, project_id, owner_type, collaborator_id) VALUES (58, 21, 'Colaborador', 5);
INSERT INTO project_owners (id, project_id, owner_type, collaborator_id) VALUES (59, 22, 'Colaborador', 3);
INSERT INTO project_owners (id, project_id, owner_type, collaborator_id) VALUES (60, 23, 'Colaborador', 5);
INSERT INTO project_owners (id, project_id, owner_type, collaborator_id) VALUES (61, 24, 'Z2', NULL);
INSERT INTO project_owners (id, project_id, owner_type, collaborator_id) VALUES (62, 25, 'Z2', NULL);
INSERT INTO project_owners (id, project_id, owner_type, collaborator_id) VALUES (63, 26, 'Z2', NULL);
INSERT INTO project_owners (id, project_id, owner_type, collaborator_id) VALUES (64, 27, 'Z2', NULL);
INSERT INTO project_owners (id, project_id, owner_type, collaborator_id) VALUES (65, 28, 'Z2', NULL);

-- project_hours: sin datos

-- expenses (19 registros)
INSERT INTO expenses (id, date, description, amount, currency, collaborator_id, comment, auto_generated, project_id, type, created_at, updated_at) VALUES (3, 'Sun Jan 04 2026 00:00:00 GMT-0300 (Uruguay Standard Time)', 'Retiro 20K por cajero Diego', '20000.00', 'UYU', 2, NULL, FALSE, NULL, 'Egreso', 'Sat Mar 21 2026 21:32:19 GMT-0300 (Uruguay Standard Time)', 'Sat Mar 21 2026 21:32:19 GMT-0300 (Uruguay Standard Time)');
INSERT INTO expenses (id, date, description, amount, currency, collaborator_id, comment, auto_generated, project_id, type, created_at, updated_at) VALUES (4, 'Sat Jan 10 2026 00:00:00 GMT-0300 (Uruguay Standard Time)', 'Pago mail Carlitos', '180.00', 'USD', 2, NULL, FALSE, NULL, 'Devolución', 'Sat Mar 21 2026 21:32:19 GMT-0300 (Uruguay Standard Time)', 'Sat Mar 21 2026 21:32:19 GMT-0300 (Uruguay Standard Time)');
INSERT INTO expenses (id, date, description, amount, currency, collaborator_id, comment, auto_generated, project_id, type, created_at, updated_at) VALUES (5, 'Mon Jan 26 2026 00:00:00 GMT-0300 (Uruguay Standard Time)', 'Retiro plata en UYU Diego', '143482.00', 'UYU', 2, NULL, FALSE, NULL, 'Egreso', 'Sat Mar 21 2026 21:32:19 GMT-0300 (Uruguay Standard Time)', 'Sat Mar 21 2026 21:32:19 GMT-0300 (Uruguay Standard Time)');
INSERT INTO expenses (id, date, description, amount, currency, collaborator_id, comment, auto_generated, project_id, type, created_at, updated_at) VALUES (6, 'Mon Jan 26 2026 00:00:00 GMT-0300 (Uruguay Standard Time)', 'Pago Irae Ingeuy', '27023.00', 'UYU', 2, NULL, FALSE, NULL, 'Devolución', 'Sat Mar 21 2026 21:32:19 GMT-0300 (Uruguay Standard Time)', 'Sat Mar 21 2026 21:32:19 GMT-0300 (Uruguay Standard Time)');
INSERT INTO expenses (id, date, description, amount, currency, collaborator_id, comment, auto_generated, project_id, type, created_at, updated_at) VALUES (7, 'Mon Jan 26 2026 00:00:00 GMT-0300 (Uruguay Standard Time)', 'Compras AP', '13912.00', 'UYU', 2, NULL, FALSE, NULL, 'Devolución', 'Sat Mar 21 2026 21:32:19 GMT-0300 (Uruguay Standard Time)', 'Sat Mar 21 2026 21:32:19 GMT-0300 (Uruguay Standard Time)');
INSERT INTO expenses (id, date, description, amount, currency, collaborator_id, comment, auto_generated, project_id, type, created_at, updated_at) VALUES (8, 'Mon Jan 26 2026 00:00:00 GMT-0300 (Uruguay Standard Time)', 'Compras AP', '72527.00', 'UYU', 2, NULL, FALSE, NULL, 'Devolución', 'Sat Mar 21 2026 21:32:19 GMT-0300 (Uruguay Standard Time)', 'Sat Mar 21 2026 21:32:19 GMT-0300 (Uruguay Standard Time)');
INSERT INTO expenses (id, date, description, amount, currency, collaborator_id, comment, auto_generated, project_id, type, created_at, updated_at) VALUES (9, 'Mon Jan 26 2026 00:00:00 GMT-0300 (Uruguay Standard Time)', 'Compras AP', '14505.00', 'UYU', 2, NULL, FALSE, NULL, 'Devolución', 'Sat Mar 21 2026 21:32:19 GMT-0300 (Uruguay Standard Time)', 'Sat Mar 21 2026 21:32:19 GMT-0300 (Uruguay Standard Time)');
INSERT INTO expenses (id, date, description, amount, currency, collaborator_id, comment, auto_generated, project_id, type, created_at, updated_at) VALUES (10, 'Sun Feb 01 2026 00:00:00 GMT-0300 (Uruguay Standard Time)', 'Transferencia pablete pdt', '20000.00', 'UYU', 1, NULL, FALSE, NULL, 'Egreso', 'Sat Mar 21 2026 21:32:19 GMT-0300 (Uruguay Standard Time)', 'Sat Mar 21 2026 21:32:19 GMT-0300 (Uruguay Standard Time)');
INSERT INTO expenses (id, date, description, amount, currency, collaborator_id, comment, auto_generated, project_id, type, created_at, updated_at) VALUES (11, 'Mon Feb 02 2026 00:00:00 GMT-0300 (Uruguay Standard Time)', 'Hotel PdT', '8000.00', 'UYU', 1, NULL, FALSE, NULL, 'Devolución', 'Sat Mar 21 2026 21:32:19 GMT-0300 (Uruguay Standard Time)', 'Sat Mar 21 2026 21:32:19 GMT-0300 (Uruguay Standard Time)');
INSERT INTO expenses (id, date, description, amount, currency, collaborator_id, comment, auto_generated, project_id, type, created_at, updated_at) VALUES (12, 'Fri Feb 06 2026 00:00:00 GMT-0300 (Uruguay Standard Time)', 'Comida UPM Pdt - 5 comidas de 579,82', '2899.10', 'UYU', 1, NULL, FALSE, NULL, 'Devolución', 'Sat Mar 21 2026 21:32:19 GMT-0300 (Uruguay Standard Time)', 'Sat Mar 21 2026 21:32:19 GMT-0300 (Uruguay Standard Time)');
INSERT INTO expenses (id, date, description, amount, currency, collaborator_id, comment, auto_generated, project_id, type, created_at, updated_at) VALUES (13, 'Fri Feb 06 2026 00:00:00 GMT-0300 (Uruguay Standard Time)', 'PEAJES PDT', '1850.00', 'UYU', 2, NULL, FALSE, NULL, 'Devolución', 'Sat Mar 21 2026 21:32:19 GMT-0300 (Uruguay Standard Time)', 'Sat Mar 21 2026 21:32:19 GMT-0300 (Uruguay Standard Time)');
INSERT INTO expenses (id, date, description, amount, currency, collaborator_id, comment, auto_generated, project_id, type, created_at, updated_at) VALUES (14, 'Fri Feb 06 2026 00:00:00 GMT-0300 (Uruguay Standard Time)', 'Retire 1K del cajero', '1000.00', 'USD', 1, NULL, FALSE, NULL, 'Egreso', 'Sat Mar 21 2026 21:32:19 GMT-0300 (Uruguay Standard Time)', 'Sat Mar 21 2026 21:32:19 GMT-0300 (Uruguay Standard Time)');
INSERT INTO expenses (id, date, description, amount, currency, collaborator_id, comment, auto_generated, project_id, type, created_at, updated_at) VALUES (15, 'Fri Feb 06 2026 00:00:00 GMT-0300 (Uruguay Standard Time)', 'Pago de app para patio', '2285.00', 'UYU', 2, NULL, FALSE, NULL, 'Devolución', 'Sat Mar 21 2026 21:32:19 GMT-0300 (Uruguay Standard Time)', 'Sat Mar 21 2026 21:32:19 GMT-0300 (Uruguay Standard Time)');
INSERT INTO expenses (id, date, description, amount, currency, collaborator_id, comment, auto_generated, project_id, type, created_at, updated_at) VALUES (16, 'Sat Mar 07 2026 00:00:00 GMT-0300 (Uruguay Standard Time)', 'Diega saco para pagar un lechon (no nos invitó el trolo)', '20000.00', 'UYU', 2, NULL, FALSE, NULL, 'Egreso', 'Sat Mar 21 2026 21:32:19 GMT-0300 (Uruguay Standard Time)', 'Sat Mar 21 2026 21:32:19 GMT-0300 (Uruguay Standard Time)');
INSERT INTO expenses (id, date, description, amount, currency, collaborator_id, comment, auto_generated, project_id, type, created_at, updated_at) VALUES (17, 'Mon Mar 09 2026 00:00:00 GMT-0300 (Uruguay Standard Time)', 'Retira 7K Diega', '7000.00', 'USD', 2, NULL, FALSE, NULL, 'Egreso', 'Sat Mar 21 2026 21:32:19 GMT-0300 (Uruguay Standard Time)', 'Sat Mar 21 2026 21:32:19 GMT-0300 (Uruguay Standard Time)');
INSERT INTO expenses (id, date, description, amount, currency, collaborator_id, comment, auto_generated, project_id, type, created_at, updated_at) VALUES (18, 'Fri Mar 13 2026 00:00:00 GMT-0300 (Uruguay Standard Time)', 'Retire 7K del cajero', '7000.00', 'USD', 1, NULL, FALSE, NULL, 'Egreso', 'Sat Mar 21 2026 21:32:19 GMT-0300 (Uruguay Standard Time)', 'Sat Mar 21 2026 21:32:19 GMT-0300 (Uruguay Standard Time)');
INSERT INTO expenses (id, date, description, amount, currency, collaborator_id, comment, auto_generated, project_id, type, created_at, updated_at) VALUES (19, 'Mon Mar 16 2026 00:00:00 GMT-0300 (Uruguay Standard Time)', 'Retira 160K Diega', '160000.00', 'UYU', 2, NULL, FALSE, NULL, 'Egreso', 'Sat Mar 21 2026 21:32:19 GMT-0300 (Uruguay Standard Time)', 'Sat Mar 21 2026 21:32:19 GMT-0300 (Uruguay Standard Time)');
INSERT INTO expenses (id, date, description, amount, currency, collaborator_id, comment, auto_generated, project_id, type, created_at, updated_at) VALUES (20, 'Mon Mar 16 2026 00:00:00 GMT-0300 (Uruguay Standard Time)', 'Retira 20K Diega', '20000.00', 'UYU', 2, NULL, FALSE, NULL, 'Egreso', 'Sat Mar 21 2026 21:32:19 GMT-0300 (Uruguay Standard Time)', 'Sat Mar 21 2026 21:32:19 GMT-0300 (Uruguay Standard Time)');
INSERT INTO expenses (id, date, description, amount, currency, collaborator_id, comment, auto_generated, project_id, type, created_at, updated_at) VALUES (21, 'Tue Mar 17 2026 00:00:00 GMT-0300 (Uruguay Standard Time)', 'Retira 160K Diega', '160000.00', 'UYU', 2, NULL, FALSE, NULL, 'Egreso', 'Sat Mar 21 2026 21:32:19 GMT-0300 (Uruguay Standard Time)', 'Sat Mar 21 2026 21:32:19 GMT-0300 (Uruguay Standard Time)');

-- taxes: sin datos


-- Resetear sequences al valor maximo de cada tabla
SELECT setval('clients_id_seq', COALESCE((SELECT MAX(id) FROM clients), 1));
SELECT setval('client_referentes_id_seq', COALESCE((SELECT MAX(id) FROM client_referentes), 1));
SELECT setval('collaborators_id_seq', COALESCE((SELECT MAX(id) FROM collaborators), 1));
SELECT setval('projects_id_seq', COALESCE((SELECT MAX(id) FROM projects), 1));
SELECT setval('project_owners_id_seq', COALESCE((SELECT MAX(id) FROM project_owners), 1));
SELECT setval('project_hours_id_seq', COALESCE((SELECT MAX(id) FROM project_hours), 1));
SELECT setval('expenses_id_seq', COALESCE((SELECT MAX(id) FROM expenses), 1));
SELECT setval('taxes_id_seq', COALESCE((SELECT MAX(id) FROM taxes), 1));

SET session_replication_role = DEFAULT; -- reactiva FK checks

-- Export completo.